{
  "config": {
    "host": "127.0.0.1",
    "port": 7001,
    "connections": 10,
    "operations_per_connection": 1000,
    "validation_level": "strict"
  },
  "results": {
    "total_operations": 10000,
    "successful_operations": 10000,
    "throughput_ops_per_sec": 19737.850124285404,
    "success_rate": 100.0,
    "latency_p50_ms": 0.4508955171331763,
    "latency_p95_ms": 0.8849937352351844,
    "latency_p99_ms": 1.4347545080818236,
    "duration_seconds": 0.5066407910198905
  },
  "breakdown": {
    "ping_success": 3340,
    "put_success": 3330,
    "get_success": 3330,
    "failed_operations": 0
  },
  "errors_sample": []
}