{
  "timestamp": "20251222_130205",
  "phase": "Phase 3 - Performance Extrema",
  "best_throughput": 25180.987037807758,
  "redis_baseline": 37498,
  "goals": {
    "minimum": 20000,
    "stretch": 40000,
    "minimum_achieved": true,
    "stretch_achieved": false,
    "redis_surpassed": false
  },
  "optimizations": [
    "OptimizedShardManager",
    "Lock-free HashMap",
    "SIMD operations",
    "Zero-copy engine",
    "Binary protocol",
    "TCP optimizations"
  ],
  "results": {
    "low_concurrency": {
      "connections": 10,
      "operations_per_connection": 1000,
      "total_operations": 10000,
      "duration": 0.5103798329946585,
      "throughput": 19593.250660640148,
      "latency_p50": 0.3639374626800418,
      "latency_p95": 0.6869791424833238
    },
    "optimal_concurrency": {
      "connections": 20,
      "operations_per_connection": 2000,
      "total_operations": 40000,
      "duration": 1.5885000830166973,
      "throughput": 25180.987037807758,
      "latency_p50": 0.7330420194193721,
      "latency_p95": 1.3896187127102166
    },
    "high_concurrency": {
      "connections": 50,
      "operations_per_connection": 1000,
      "total_operations": 50000,
      "duration": 2.326849708042573,
      "throughput": 21488.280840476687,
      "latency_p50": 2.0111250050831586,
      "latency_p95": 4.821663943585008
    }
  },
  "evolution": {
    "original": 1741,
    "phase1_tcp": 2518,
    "phase2_binary": 5092,
    "phase3_extreme": 25180,
    "total_improvement": "1346.4%"
  }
}