{
  "timestamp": "20251222_113110",
  "config": {
    "host": "127.0.0.1",
    "port": 7001,
    "connections": 5,
    "operations": 5000
  },
  "results": {
    "PING Throughput": {
      "total_operations": 5000,
      "duration_seconds": 0.2632267079898156,
      "throughput_ops_per_sec": 18995.032981962653,
      "latency_p50_ms": 0.2513749641366303,
      "latency_p95_ms": 0.3691639198223129,
      "latency_p99_ms": 0.4654540156479925,
      "success_rate": 100.0,
      "errors": 0
    },
    "PUT Throughput": {
      "total_operations": 5000,
      "duration_seconds": 0.28874687501229346,
      "throughput_ops_per_sec": 17316.204720093072,
      "latency_p50_ms": 0.24691599537618458,
      "latency_p95_ms": 0.5000476259738207,
      "latency_p99_ms": 0.9625759208574891,
      "success_rate": 100.0,
      "errors": 0
    },
    "GET Throughput": {
      "total_operations": 5000,
      "duration_seconds": 0.2744135420070961,
      "throughput_ops_per_sec": 18220.67512932982,
      "latency_p50_ms": 0.2613130200188607,
      "latency_p95_ms": 0.3824559273198247,
      "latency_p99_ms": 0.45191402547061443,
      "success_rate": 100.0,
      "errors": 0
    },
    "Mixed Workload": {
      "total_operations": 5000,
      "duration_seconds": 0.27471087500452995,
      "throughput_ops_per_sec": 18200.954002703937,
      "latency_p50_ms": 0.25937496684491634,
      "latency_p95_ms": 0.3842919832095504,
      "latency_p99_ms": 0.45598795753903687,
      "success_rate": 100.0,
      "errors": 0
    },
    "Pipeline Performance": {
      "total_operations": 5000,
      "duration_seconds": 30.027549916005228,
      "throughput_ops_per_sec": 166.51375200395253,
      "latency_p50_ms": 0.03181249485351145,
      "latency_p95_ms": 30024.423634892446,
      "latency_p99_ms": 30025.56451193173,
      "success_rate": 0.0,
      "errors": 50
    },
    "High Concurrency": {
      "total_operations": 5000,
      "duration_seconds": 0.23161483299918473,
      "throughput_ops_per_sec": 21587.56386736941,
      "latency_p50_ms": 0.42856301297433674,
      "latency_p95_ms": 0.7367815385805443,
      "latency_p99_ms": 0.989207198144868,
      "success_rate": 100.0,
      "errors": 0
    }
  }
}