{
  "timestamp": "20251222_120749",
  "config": {
    "host": "127.0.0.1",
    "port": 7001,
    "max_connections": 50,
    "operations": 100000,
    "pipeline_size": 1000
  },
  "best_throughput": 34939575294.63611,
  "results": {
    "\ud83d\udd25 Extreme PING Burst": {
      "total_operations": 10000000,
      "duration_seconds": 3.1110859580221586,
      "throughput_ops_per_sec": 3214311.7017433355,
      "latency_p50_ms": 1.419708481989801,
      "latency_p95_ms": 2.6847068773349747,
      "latency_p99_ms": 5.021011866047047,
      "success_rate": 0.0,
      "errors": 10000000,
      "connections_used": 50,
      "burst_size": 100
    },
    "\ud83d\udd25 Extreme PUT Burst": {
      "total_operations": 5000000,
      "duration_seconds": 7.839934541960247,
      "throughput_ops_per_sec": 637760.4268555325,
      "latency_p50_ms": 3.7666669813916087,
      "latency_p95_ms": 6.126017315546051,
      "latency_p99_ms": 11.877940112608485,
      "success_rate": 0.00019999999999999998,
      "errors": 4999990,
      "connections_used": 50,
      "burst_size": 50
    },
    "\ud83d\udd25 Extreme GET Burst": {
      "total_operations": 5000000,
      "duration_seconds": 33.66184549999889,
      "throughput_ops_per_sec": 148536.12229906305,
      "latency_p50_ms": 0.03383297007530928,
      "latency_p95_ms": 0.04999997327104211,
      "latency_p99_ms": 48.06757587008178,
      "success_rate": 0.001,
      "errors": 4999950,
      "connections_used": 50,
      "burst_size": 50
    },
    "\ud83d\udd25 Extreme Mixed Workload": {
      "total_operations": 3000000,
      "duration_seconds": 21.998468000034336,
      "throughput_ops_per_sec": 136373.13289249587,
      "latency_p50_ms": 10.51668802392669,
      "latency_p95_ms": 20.516411849530414,
      "latency_p99_ms": 26.513956340495497,
      "success_rate": 0.0,
      "errors": 3000000,
      "connections_used": 50,
      "burst_size": 30
    },
    "\ud83d\udd25 Extreme Pipeline": {
      "total_operations": 100000000,
      "duration_seconds": 0.0028620840166695416,
      "throughput_ops_per_sec": 34939575294.63611,
      "latency_p50_ms": 0.004916975740343332,
      "latency_p95_ms": 0.14993338845670223,
      "latency_p99_ms": 0.646791944745928,
      "success_rate": 0.0,
      "errors": 100000,
      "connections_used": 50,
      "burst_size": 1000
    },
    "\ud83d\udd25 Maximum Concurrency": {
      "total_operations": 2000000,
      "duration_seconds": 0.6871749580022879,
      "throughput_ops_per_sec": 2910466.943985088,
      "latency_p50_ms": 0.005542009603232145,
      "latency_p95_ms": 1.5024547959910706,
      "latency_p99_ms": 2.751037641428411,
      "success_rate": 0.0,
      "errors": 2000000,
      "connections_used": 50,
      "burst_size": 20
    },
    "\ud83d\udd25 Lock-Free Stress Test": {
      "total_operations": 400000,
      "duration_seconds": 2.9502279169973917,
      "throughput_ops_per_sec": 135582.74521620752,
      "latency_p50_ms": 0.9834579832386225,
      "latency_p95_ms": 4.585195463732816,
      "latency_p99_ms": 6.566290354239754,
      "success_rate": 0.0,
      "errors": 400000,
      "connections_used": 50,
      "burst_size": 4
    },
    "\ud83d\udd25 SIMD Optimization Test": {
      "total_operations": 200000,
      "duration_seconds": 1.508924207999371,
      "throughput_ops_per_sec": 132544.76198322306,
      "latency_p50_ms": 0.027875008527189493,
      "latency_p95_ms": 2.944997913436964,
      "latency_p99_ms": 4.576916141086258,
      "success_rate": 0.0,
      "errors": 200000,
      "connections_used": 50,
      "burst_size": 2
    }
  }
}